{
  "properties": {
    "targetScope": "subscription",
    "parameters": {
      "[Preview]:WindowsvirtualmachinesshouldenableAzureDiskEncryptionorEncryptionAtHost._effect": {
        "type": "string",
        "metadata": {
          "displayName": "Effect (Policy: [Preview]: Windows virtual machines should enable Azure Disk Encryption or EncryptionAtHost.)"
        },
        "defaultValue": "AuditIfNotExists",
        "allowedValues": [
          "AuditIfNotExists",
          "Disabled"
        ]
      },
      "[Preview]:Immutabilitymustbeenabledforbackupvaults_effect": {
        "type": "string",
        "metadata": {
          "displayName": "Effect (Policy: [Preview]: Immutability must be enabled for backup vaults)"
        },
        "defaultValue": "Audit",
        "allowedValues": [
          "Audit",
          "Disabled"
        ]
      },
      "[Preview]:Immutabilitymustbeenabledforbackupvaults_checkLockedImmutabiltyOnly": {
        "type": "bool",
        "metadata": {
          "displayName": "CheckLockedImmutabiltyOnly (Policy: [Preview]: Immutability must be enabled for backup vaults)"
        },
        "defaultValue": true,
        "allowedValues": [
          true,
          false
        ]
      },
      "azureBackupshouldbeenabledforVirtualMachines_effect": {
        "type": "string",
        "metadata": {
          "displayName": "Effect (Policy: Azure Backup should be enabled for Virtual Machines)"
        },
        "defaultValue": "AuditIfNotExists",
        "allowedValues": [
          "AuditIfNotExists",
          "Disabled"
        ]
      },
      "[Preview]:LinuxvirtualmachinesshouldenableAzureDiskEncryptionorEncryptionAtHost._effect": {
        "type": "string",
        "metadata": {
          "displayName": "Effect (Policy: [Preview]: Linux virtual machines should enable Azure Disk Encryption or EncryptionAtHost.)"
        },
        "defaultValue": "AuditIfNotExists",
        "allowedValues": [
          "AuditIfNotExists",
          "Disabled"
        ]
      },
      "networkarm_VnetName": {
        "type": "string",
        "metadata": {
          "displayName": "VnetName (networkarm)",
          "description": "Basic-VNet"
        },
        "defaultValue": "Basic-VNet",
        "allowedValues": []
      },
      "networkarm_VnetAddressSpace": {
        "type": "string",
        "metadata": {
          "displayName": "VnetAddressSpace (networkarm)",
          "description": "Azure Virtual Network Address Prefix"
        },
        "defaultValue": "192.168.0.0/16",
        "allowedValues": []
      },
      "networkarm_subnet1Name": {
        "type": "string",
        "metadata": {
          "displayName": "subnet1Name (networkarm)",
          "description": "Subnet 1 Name"
        },
        "defaultValue": "GatewaySubnet",
        "allowedValues": []
      },
      "networkarm_subnet1Prefix": {
        "type": "string",
        "metadata": {
          "displayName": "subnet1Prefix (networkarm)",
          "description": "Subnet 1 Prefix"
        },
        "defaultValue": "192.168.0.0/24",
        "allowedValues": []
      },
      "networkarm_subnet2Name": {
        "type": "string",
        "metadata": {
          "displayName": "subnet2Name (networkarm)",
          "description": "Subnet 2 Name"
        },
        "defaultValue": "SUBNET-01-PL",
        "allowedValues": []
      },
      "networkarm_subnet2Prefix": {
        "type": "string",
        "metadata": {
          "displayName": "subnet2Prefix (networkarm)",
          "description": "Subnet 2 Prefix"
        },
        "defaultValue": "192.168.1.0/24",
        "allowedValues": []
      },
      "networkarm_subnet3Name": {
        "type": "string",
        "metadata": {
          "displayName": "subnet3Name (networkarm)",
          "description": "Subnet 3 Name"
        },
        "defaultValue": "SUBNET-02-BL",
        "allowedValues": []
      },
      "networkarm_subnet3Prefix": {
        "type": "string",
        "metadata": {
          "displayName": "subnet3Prefix (networkarm)",
          "description": "Subnet 3 Prefix"
        },
        "defaultValue": "192.168.2.0/24",
        "allowedValues": []
      },
      "networkarm_subnet4Name": {
        "type": "string",
        "metadata": {
          "displayName": "subnet4Name (networkarm)",
          "description": "Subnet 4 Name"
        },
        "defaultValue": "SUBNET-03-IL",
        "allowedValues": []
      },
      "networkarm_subnet4Prefix": {
        "type": "string",
        "metadata": {
          "displayName": "subnet4Prefix (networkarm)",
          "description": "Subnet 4 Prefix"
        },
        "defaultValue": "192.168.3.0/24",
        "allowedValues": []
      },
      "networkarm_subnet5Name": {
        "type": "string",
        "metadata": {
          "displayName": "subnet5Name (networkarm)",
          "description": "Subnet 5 Name"
        },
        "defaultValue": "SUBNET-04-DL",
        "allowedValues": []
      },
      "networkarm_subnet5Prefix": {
        "type": "string",
        "metadata": {
          "displayName": "subnet5Prefix (networkarm)",
          "description": "Subnet 5 Prefix"
        },
        "defaultValue": "192.168.4.0/24",
        "allowedValues": []
      },
      "networkarm_networksecuritygroup1Name": {
        "type": "string",
        "metadata": {
          "displayName": "networksecuritygroup1Name (networkarm)",
          "description": "Name of NSG 1"
        },
        "defaultValue": "NSG-01-PL",
        "allowedValues": []
      },
      "networkarm_networksecuritygroup2Name": {
        "type": "string",
        "metadata": {
          "displayName": "networksecuritygroup2Name (networkarm)",
          "description": "Name of NSG 2"
        },
        "defaultValue": "NSG-02-BL",
        "allowedValues": []
      },
      "networkarm_networksecuritygroup3Name": {
        "type": "string",
        "metadata": {
          "displayName": "networksecuritygroup3Name (networkarm)",
          "description": "Name of NSG 3"
        },
        "defaultValue": "NSG-03-IL",
        "allowedValues": []
      },
      "networkarm_networksecuritygroup4Name": {
        "type": "string",
        "metadata": {
          "displayName": "networksecuritygroup4Name (networkarm)",
          "description": "Name of NSG 4"
        },
        "defaultValue": "NSG-04-DL",
        "allowedValues": []
      }
    },
    "resourceGroups": {
      "ResourceGroup": {
        "name": "Networking",
        "location": "westeurope",
        "metadata": {
          "displayName": "Networking"
        },
        "dependsOn": []
      }
    }
  }
}