{
  "kind": "policyAssignment",
  "properties": {
    "displayName": "[Preview]: Immutability must be enabled for backup vaults",
    "dependsOn": [],
    "policyDefinitionId": "/providers/Microsoft.Authorization/policyDefinitions/2514263b-bc0d-4b06-ac3e-f262c0979018",
    "parameters": {
      "effect": {
        "value": "[parameters('[Preview]:Immutabilitymustbeenabledforbackupvaults_effect')]"
      },
      "checkLockedImmutabiltyOnly": {
        "value": "[parameters('[Preview]:Immutabilitymustbeenabledforbackupvaults_checkLockedImmutabiltyOnly')]"
      }
    }
  }
}