{
  "kind": "template",
  "properties": {
    "displayName": "Basic_Networking_Template",
    "description": "",
    "dependsOn": [],
    "template": {
      "$schema": "https://schema.management.azure.com/schemas/2019-04-01/deploymentTemplate.json#",
      "contentVersion": "1.0.0.0",
      "parameters": {
        "VnetName": {
          "defaultValue": "Basic-VNet",
          "type": "String",
          "metadata": {
            "description": "Basic-VNet"
          }
        },
        "VnetAddressSpace": {
          "defaultValue": "192.168.0.0/16",
          "type": "String",
          "metadata": {
            "description": "Azure Virtual Network Address Prefix"
          }
        },
        "subnet1Name": {
          "defaultValue": "GatewaySubnet",
          "type": "String",
          "metadata": {
            "description": "Subnet 1 Name"
          }
        },
        "subnet1Prefix": {
          "defaultValue": "192.168.0.0/24",
          "type": "String",
          "metadata": {
            "description": "Subnet 1 Prefix"
          }
        },
        "subnet2Name": {
          "defaultValue": "SUBNET-01-PL",
          "type": "String",
          "metadata": {
            "description": "Subnet 2 Name"
          }
        },
        "subnet2Prefix": {
          "defaultValue": "192.168.1.0/24",
          "type": "String",
          "metadata": {
            "description": "Subnet 2 Prefix"
          }
        },
        "subnet3Name": {
          "defaultValue": "SUBNET-02-BL",
          "type": "String",
          "metadata": {
            "description": "Subnet 3 Name"
          }
        },
        "subnet3Prefix": {
          "defaultValue": "192.168.2.0/24",
          "type": "String",
          "metadata": {
            "description": "Subnet 3 Prefix"
          }
        },
        "subnet4Name": {
          "defaultValue": "SUBNET-03-IL",
          "type": "String",
          "metadata": {
            "description": "Subnet 4 Name"
          }
        },
        "subnet4Prefix": {
          "defaultValue": "192.168.3.0/24",
          "type": "String",
          "metadata": {
            "description": "Subnet 4 Prefix"
          }
        },
        "subnet5Name": {
          "defaultValue": "SUBNET-04-DL",
          "type": "String",
          "metadata": {
            "description": "Subnet 5 Name"
          }
        },
        "subnet5Prefix": {
          "defaultValue": "192.168.4.0/24",
          "type": "String",
          "metadata": {
            "description": "Subnet 5 Prefix"
          }
        },
        "networksecuritygroup1Name": {
          "defaultValue": "NSG-01-PL",
          "type": "String",
          "metadata": {
            "description": "Name of NSG 1"
          }
        },
        "networksecuritygroup2Name": {
          "defaultValue": "NSG-02-BL",
          "type": "String",
          "metadata": {
            "description": "Name of NSG 2"
          }
        },
        "networksecuritygroup3Name": {
          "defaultValue": "NSG-03-IL",
          "type": "String",
          "metadata": {
            "description": "Name of NSG 3"
          }
        },
        "networksecuritygroup4Name": {
          "defaultValue": "NSG-04-DL",
          "type": "String",
          "metadata": {
            "description": "Name of NSG 4"
          }
        },
        "location": {
          "defaultValue": "[resourceGroup().location]",
          "type": "String",
          "metadata": {
            "description": "Location where the Azure resources will be deployed in. The default value is the Azure region of the referenced Resource Group."
          }
        }
      },
      "variables": {},
      "resources": [
        {
          "type": "Microsoft.Network/networkSecurityGroups",
          "apiVersion": "2015-06-15",
          "name": "[parameters('networksecuritygroup1Name')]",
          "location": "[parameters('location')]",
          "properties": {
            "securityRules": []
          }
        },
        {
          "type": "Microsoft.Network/networkSecurityGroups",
          "apiVersion": "2015-06-15",
          "name": "[parameters('networksecuritygroup2Name')]",
          "location": "[parameters('location')]",
          "properties": {
            "securityRules": []
          }
        },
        {
          "type": "Microsoft.Network/networkSecurityGroups",
          "apiVersion": "2015-06-15",
          "name": "[parameters('networksecuritygroup3Name')]",
          "location": "[parameters('location')]",
          "properties": {
            "securityRules": []
          }
        },
        {
          "type": "Microsoft.Network/networkSecurityGroups",
          "apiVersion": "2015-06-15",
          "name": "[parameters('networksecuritygroup4Name')]",
          "location": "[parameters('location')]",
          "properties": {
            "securityRules": []
          }
        },
        {
          "type": "Microsoft.Network/virtualNetworks",
          "apiVersion": "2018-10-01",
          "name": "[parameters('VnetName')]",
          "location": "[parameters('location')]",
          "properties": {
            "addressSpace": {
              "addressPrefixes": [
                "[parameters('VnetAddressSpace')]"
              ]
            }
          },
          "resources": [
            {
              "type": "subnets",
              "apiVersion": "2018-10-01",
              "name": "[parameters('subnet1Name')]",
              "location": "[parameters('location')]",
              "dependsOn": [
                "[resourceId('Microsoft.Network/virtualNetworks',parameters('VnetName'))]"
              ],
              "properties": {
                "addressPrefix": "[parameters('subnet1Prefix')]"
              }
            },
            {
              "type": "subnets",
              "apiVersion": "2018-10-01",
              "name": "[parameters('subnet2Name')]",
              "location": "[parameters('location')]",
              "dependsOn": [
                "[resourceId('Microsoft.Network/virtualNetworks',parameters('VnetName'))]",
                "[resourceId('Microsoft.Network/networkSecurityGroups', parameters('networksecuritygroup1Name'))]",
                "[resourceId('Microsoft.Network/virtualNetworks/subnets', parameters('VnetName'), parameters('subnet1Name'))]"
              ],
              "properties": {
                "addressPrefix": "[parameters('subnet2Prefix')]",
                "networkSecurityGroup": {
                  "id": "[resourceId('Microsoft.Network/networkSecurityGroups', parameters('networksecuritygroup1Name'))]"
                }
              }
            },
            {
              "type": "subnets",
              "apiVersion": "2018-10-01",
              "name": "[parameters('subnet3Name')]",
              "location": "[parameters('location')]",
              "dependsOn": [
                "[resourceId('Microsoft.Network/virtualNetworks',parameters('VnetName'))]",
                "[resourceId('Microsoft.Network/networkSecurityGroups', parameters('networksecuritygroup2Name'))]",
                "[resourceId('Microsoft.Network/virtualNetworks/subnets', parameters('VnetName'), parameters('subnet2Name'))]"
              ],
              "properties": {
                "addressPrefix": "[parameters('subnet3Prefix')]",
                "networkSecurityGroup": {
                  "id": "[resourceId('Microsoft.Network/networkSecurityGroups', parameters('networksecuritygroup2Name'))]"
                }
              }
            },
            {
              "type": "subnets",
              "apiVersion": "2018-10-01",
              "name": "[parameters('subnet4Name')]",
              "location": "[parameters('location')]",
              "dependsOn": [
                "[resourceId('Microsoft.Network/virtualNetworks',parameters('VnetName'))]",
                "[resourceId('Microsoft.Network/networkSecurityGroups', parameters('networksecuritygroup3Name'))]",
                "[resourceId('Microsoft.Network/virtualNetworks/subnets', parameters('VnetName'), parameters('subnet3Name'))]"
              ],
              "properties": {
                "addressPrefix": "[parameters('subnet4Prefix')]",
                "networkSecurityGroup": {
                  "id": "[resourceId('Microsoft.Network/networkSecurityGroups', parameters('networksecuritygroup3Name'))]"
                }
              }
            },
            {
              "type": "subnets",
              "apiVersion": "2018-10-01",
              "name": "[parameters('subnet5Name')]",
              "location": "[parameters('location')]",
              "dependsOn": [
                "[resourceId('Microsoft.Network/virtualNetworks',parameters('VnetName'))]",
                "[resourceId('Microsoft.Network/networkSecurityGroups', parameters('networksecuritygroup4Name'))]",
                "[resourceId('Microsoft.Network/virtualNetworks/subnets', parameters('VnetName'), parameters('subnet4Name'))]"
              ],
              "properties": {
                "addressPrefix": "[parameters('subnet5Prefix')]",
                "networkSecurityGroup": {
                  "id": "[resourceId('Microsoft.Network/networkSecurityGroups', parameters('networksecuritygroup4Name'))]"
                }
              }
            }
          ]
        }
      ]
    },
    "resourceGroup": "ResourceGroup",
    "parameters": {
      "VnetName": {
        "value": "[parameters('networkarm_VnetName')]"
      },
      "VnetAddressSpace": {
        "value": "[parameters('networkarm_VnetAddressSpace')]"
      },
      "subnet1Name": {
        "value": "[parameters('networkarm_subnet1Name')]"
      },
      "subnet1Prefix": {
        "value": "[parameters('networkarm_subnet1Prefix')]"
      },
      "subnet2Name": {
        "value": "[parameters('networkarm_subnet2Name')]"
      },
      "subnet2Prefix": {
        "value": "[parameters('networkarm_subnet2Prefix')]"
      },
      "subnet3Name": {
        "value": "[parameters('networkarm_subnet3Name')]"
      },
      "subnet3Prefix": {
        "value": "[parameters('networkarm_subnet3Prefix')]"
      },
      "subnet4Name": {
        "value": "[parameters('networkarm_subnet4Name')]"
      },
      "subnet4Prefix": {
        "value": "[parameters('networkarm_subnet4Prefix')]"
      },
      "subnet5Name": {
        "value": "[parameters('networkarm_subnet5Name')]"
      },
      "subnet5Prefix": {
        "value": "[parameters('networkarm_subnet5Prefix')]"
      },
      "networksecuritygroup1Name": {
        "value": "[parameters('networkarm_networksecuritygroup1Name')]"
      },
      "networksecuritygroup2Name": {
        "value": "[parameters('networkarm_networksecuritygroup2Name')]"
      },
      "networksecuritygroup3Name": {
        "value": "[parameters('networkarm_networksecuritygroup3Name')]"
      },
      "networksecuritygroup4Name": {
        "value": "[parameters('networkarm_networksecuritygroup4Name')]"
      },
      "location": {
        "value": "West Europe"
      }
    }
  }
}